provider_id,first_name,last_name,credential,specialty_id,department_id
1,Ralina,Elsmor,MD,3,1
2,Miran,Layton,RN,1,1
3,Nichols,Miguel,PA,4,2
4,Kahaleel,Fiddler,RN,1,1
5,Noble,Denisyev,PA,1,4
6,Tate,Kesby,RN,3,1
7,Milly,Klimsch,RN,2,4
8,Toby,Blees,RN,1,2
9,Darb,O'Carran,RN,1,2
10,Olivero,Niblo,PA,2,3
11,Quinton,Brettor,PA,4,3
12,Rasla,Kelsow,MD,3,2
13,Eugenie,Goodrum,PA,3,2
14,Amalita,Spreag,MD,2,4
15,Kally,MacTrustie,PA,1,3
16,Emelda,Duplock,PA,2,3
17,Gayelord,Roman,PA,1,3
18,Pepe,McPherson,MD,3,2
19,Lula,Waber,MD,1,1
20,Eran,Widdows,RN,1,2
21,Josi,Charlet,RN,1,4
22,Cornall,Rudloff,MD,1,3
23,Daren,Bellfield,RN,1,1
24,Ewan,Buttrey,PA,4,3
25,Gwendolin,Mussen,PA,1,4
26,Ranna,Blunn,PA,3,2
27,Karlie,Rustedge,MD,1,2
28,Niels,Talman,RN,2,1
29,Fritz,Michele,PA,4,4
30,Cristabel,Sewter,MD,2,2
31,Reade,Werlock,PA,1,2
32,Erskine,Danelut,PA,2,3
33,Asher,Zucker,MD,2,4
34,Amelia,Arbon,MD,3,4
35,Ibrahim,Brumfitt,PA,2,4
36,Avrom,Metham,MD,1,2
37,Vyky,Aherne,MD,4,3
38,Sibyl,O'Docherty,RN,4,4
39,Rozalin,Rontree,PA,2,4
40,Erastus,Blunsum,MD,4,2
41,Deanne,Coles,RN,3,2
42,Adan,Cream,RN,4,1
43,Tabina,Gatland,MD,4,3
44,Den,Hobell,MD,3,1
45,Vin,Channing,PA,3,1
46,Margarette,Bottini,RN,3,2
47,Idell,Robelow,MD,4,2
48,Brina,Peers,RN,2,4
49,Dotty,Chark,PA,1,4
50,Luce,Croix,RN,2,2
51,Anastassia,Galia,RN,4,1
52,Axel,Robens,MD,2,2
53,Danny,Mitchelmore,RN,2,1
54,Brunhilda,Seeger,PA,4,2
55,Marta,Druce,PA,2,2
56,Freda,Brumen,MD,2,3
57,Fern,Frew,RN,4,4
58,Antonio,Kingsnod,PA,4,1
59,Olwen,Donnel,MD,4,4
60,Willard,Decreuze,RN,2,2
61,Alanson,Luckin,RN,3,4
62,Dorolisa,Izhaky,MD,4,4
63,Erda,Leyre,RN,4,3
64,Carmela,Guiel,MD,2,3
65,Renaud,Rubury,PA,2,4
66,Tyler,Sweetland,MD,1,3
67,Reggie,Berthomier,MD,1,4
68,Idalina,Besson,PA,2,4
69,Stoddard,Cornelisse,RN,4,4
70,Paule,Villar,RN,3,4
71,Barbra,McIlhagga,MD,4,3
72,Lavena,Du Fray,MD,1,3
73,Luce,Colly,PA,4,1
74,Barnaby,Biaggioni,MD,3,4
75,Garvy,Skillern,MD,1,2
76,Gregg,Gleeton,PA,1,4
77,Lydie,Klimpt,MD,2,1
78,Manda,Opdenorth,MD,2,4
79,Marley,Larchier,MD,3,4
80,Sharity,Crook,PA,2,1
81,Izak,Stivens,RN,1,2
82,Adriena,MacDavitt,RN,3,1
83,Valeria,Stebbings,MD,4,3
84,Rad,Hansill,MD,3,2
85,Alix,Iskowicz,PA,1,3
86,Nikolos,Caiger,PA,3,3
87,Griff,Ben-Aharon,MD,2,2
88,Annabela,Kleszinski,PA,4,4
89,Pattie,Marson,PA,4,1
90,Arlena,Sicily,PA,1,2
91,Madelin,Sinney,RN,2,2
92,Marnia,Blackman,MD,1,4
93,Nanon,Azema,MD,2,1
94,Redd,Kenn,PA,1,4
95,Myrvyn,Ledwich,PA,2,1
96,Rufe,McCullogh,PA,1,4
97,Merwyn,Biaggelli,RN,4,2
98,Rouvin,Pepye,RN,4,2
99,Maison,MacNish,MD,4,1
100,Cahra,Lemasney,RN,3,1
101,Katharine,Peepall,RN,1,2
102,Lorilyn,Southey,RN,3,1
103,Laurens,Prothero,MD,2,1
104,Ariana,Guerrin,PA,2,4
105,Melisa,Rebichon,RN,4,1
106,Serena,Comberbach,MD,4,3
107,Clywd,Tulloch,MD,3,3
108,Halie,Fursse,PA,2,1
109,Klaus,Castella,PA,1,1
110,Blisse,Brookwell,PA,4,4
111,Venus,Teare,PA,4,2
112,Imogen,Dearn,PA,4,4
113,Langston,Pocknell,PA,1,4
114,Cori,Scaife,RN,3,2
115,Arliene,Emney,RN,2,1
116,Adriane,Rillstone,RN,3,2
117,Wynn,Ferrieroi,MD,4,3
118,Evy,Roberti,MD,4,4
119,Guglielma,Howlings,RN,3,1
120,Merl,Penbarthy,RN,2,1
121,Babbie,Leeb,MD,3,4
122,Janette,Darey,MD,1,3
123,Harlin,Gadney,MD,4,4
124,Giacobo,Lebond,PA,4,4
125,Mollee,Ells,RN,3,2
126,Claresta,Kops,RN,1,1
127,Benedikt,Ridger,PA,4,1
128,Micheal,Drejer,RN,1,4
129,Lorna,Feild,PA,4,2
130,Pinchas,Berrow,RN,4,4
131,Kahlil,Decourt,PA,3,3
132,Gussy,Shimuk,MD,3,4
133,Shem,Choak,RN,3,4
134,Remus,Swetmore,PA,1,2
135,Pearl,Thecham,RN,4,4
136,Tamiko,Verbruggen,PA,3,1
137,Caesar,Head,PA,3,4
138,Fabian,Spinella,RN,2,1
139,Essa,Grayshon,PA,2,3
140,Rolph,Speare,PA,2,4
141,Micah,Warsop,RN,4,2
142,Emelyne,Cinelli,MD,3,2
143,Virgina,Ornells,RN,3,4
144,Griffy,Sleeford,MD,1,3
145,Lee,Rosentholer,PA,1,1
146,Benedick,Madigan,RN,2,2
147,Otes,Jevon,PA,2,4
148,Archer,Pavese,RN,2,2
149,Lem,Fendt,MD,2,3
150,Codi,Bunt,RN,1,2
151,Toinette,Lillie,PA,2,2
152,Rosalynd,Christene,PA,2,4
153,Shirline,Kynston,RN,3,2
154,Devi,Greenacre,RN,2,2
155,Gertrude,Kurten,MD,2,4
156,Cristian,Gorries,PA,4,4
157,Xaviera,Ruzicka,PA,4,1
158,Ardelle,Tointon,MD,1,2
159,Trixi,Tiffin,RN,1,1
160,Rurik,Amer,PA,2,1
161,Dannie,Spyvye,PA,1,3
162,Fayina,O'Deegan,MD,3,1
163,Lonee,Readwood,PA,4,4
164,Meriel,Aspall,RN,4,2
165,Kimberli,Brandi,RN,3,1
166,Frasier,Mabon,RN,2,4
167,Danella,Fullard,PA,3,2
168,Cacilia,Klaassens,PA,3,3
169,Demetria,Dumper,PA,3,4
170,Florida,Francesconi,PA,1,4
171,Winne,Aicken,MD,1,1
172,Wat,Trolley,RN,2,4
173,Rhett,Stiant,MD,1,2
174,Emilie,MacNalley,PA,4,4
175,Milena,Lebarree,PA,4,4
176,Katharine,Couldwell,PA,4,1
177,Debera,Arnaudon,PA,2,3
178,Kiel,Di Maggio,MD,1,2
179,Gwendolyn,Hyland,MD,3,4
180,Cornell,De Domenico,MD,2,1
181,Rona,Low,RN,4,4
182,Evangeline,Rawling,RN,1,2
183,Petronilla,Kornacki,PA,4,2
184,Scottie,McNeillie,RN,2,3
185,Dino,Dawidsohn,MD,3,3
186,Vivienne,Huggons,RN,2,3
187,Danya,Gull,RN,1,4
188,Sherlock,Tooker,PA,4,2
189,Robb,Aizlewood,MD,1,4
190,Kiel,Filshin,MD,2,1
191,Lonnard,Harnetty,RN,4,1
192,Brandea,Portch,PA,3,3
193,Erwin,Dugget,RN,4,2
194,Ramsay,Jery,RN,1,2
195,Davy,Bidgood,PA,3,2
196,Gisela,Schoroder,MD,3,2
197,Herby,Simmank,RN,4,1
198,Pip,Wheatman,RN,1,1
199,Edee,Hemerijk,MD,4,3
200,Morgun,Twort,RN,2,3
201,Roley,Lamburne,PA,3,2
202,Bridgette,Mawer,MD,3,4
203,Gar,Butlin,MD,2,1
204,Malvin,Beeken,RN,2,2
205,Ezekiel,Rowbottom,PA,4,3
206,Leelah,Alliot,RN,4,1
207,Lind,Bauld,MD,1,1
208,Shari,Woollaston,PA,3,4
209,Stesha,Towriss,RN,4,3
210,Marji,Moxom,PA,4,4
211,Jason,Eccleston,RN,1,3
212,Emmy,Ginty,MD,4,3
213,Ari,McGennis,PA,4,1
214,Forrester,Ferraraccio,PA,2,4
215,Gabrielle,Oxherd,MD,1,1
216,Gwenny,Clappison,MD,2,3
217,Dorey,Corgenvin,MD,4,1
218,Ade,Gorgl,MD,4,3
219,Priscella,Stronach,PA,4,3
220,Dominica,Guly,MD,4,3
221,Mirelle,Doleman,PA,2,3
222,Connor,Tommasuzzi,MD,1,4
223,Reider,D'Elias,MD,3,2
224,Cross,Marchelli,MD,1,2
225,Adelaide,Glidder,PA,3,1
226,Barbie,Peake,MD,3,2
227,Tawnya,O'Gormley,PA,3,4
228,Beryle,Klimkowski,RN,4,1
229,Lucien,Fuente,RN,1,4
230,Clarie,Durward,PA,2,2
231,Brockie,Dunthorne,MD,4,2
232,Adelaide,Davion,RN,2,3
233,Bordie,Hitzke,MD,1,2
234,Anatollo,Hutchens,PA,2,2
235,Sofie,Baxendale,PA,2,1
236,Farrand,De Cleyne,PA,2,3
237,Daryl,Ducker,MD,2,4
238,Gabi,Haigh,MD,3,4
239,Kristoforo,Pywell,RN,3,4
240,Mohammed,Flanders,RN,2,4
241,Nani,Paolacci,MD,2,4
242,Heall,Comelli,PA,2,2
243,Sharleen,Jasik,PA,4,1
244,Selig,Jedrys,PA,1,3
245,Kathryn,Klimpt,MD,3,4
246,Fredrika,Mauditt,MD,4,2
247,Dougy,Simmonds,MD,1,3
248,Nessy,Clapshaw,RN,4,2
249,Lonna,Wallentin,RN,2,3
250,Kathi,Meineken,MD,4,2
251,Charlie,Bumby,PA,4,4
252,Eilis,O'Reilly,MD,2,4
253,Tad,Insko,RN,1,2
254,Dalenna,Blastock,PA,4,2
255,Errick,Gaunson,PA,4,1
256,Dorothea,Bresman,MD,3,3
257,Dasha,Chartres,PA,4,3
258,Judie,Coniam,PA,1,3
259,Darb,Cordet,PA,1,2
260,Crysta,Lisciandro,RN,1,2
261,Neal,Tate,RN,4,1
262,Sibby,Bidewel,RN,2,3
263,York,Woolacott,PA,1,4
264,Tailor,Cochran,RN,1,2
265,Cthrine,Claybourne,RN,1,4
266,Merrielle,Ollin,RN,2,2
267,Florinda,Petracco,PA,1,3
268,Virginia,Romagnosi,RN,1,1
269,Benny,Guice,PA,3,2
270,Caren,Witherby,RN,1,2
271,Ludovika,Filipov,MD,1,2
272,Hayden,Hurdis,MD,2,3
273,Brande,Mcsarry,PA,4,4
274,Sammy,Shoemark,PA,1,2
275,Carma,Etherson,MD,4,2
276,Roda,Waudby,MD,4,4
277,Ricky,Dy,RN,4,2
278,Benjy,Leyninye,RN,2,1
279,Madalena,Hatherall,RN,4,4
280,Cecilia,Whotton,PA,1,2
281,Gerome,Tillyer,MD,4,4
282,Shelbi,Emanueli,PA,4,4
283,Elka,Dodgshun,PA,4,2
284,Belle,Whorf,RN,3,3
285,Annetta,Semechik,PA,4,1
286,Findlay,Gary,MD,4,1
287,Myrah,Halward,MD,4,1
288,Alfy,Layman,RN,2,4
289,Jania,Reddish,PA,3,4
290,Franklyn,Elphee,MD,2,2
291,Ramon,Fairweather,MD,3,2
292,Avram,Montfort,RN,2,3
293,Jerri,Rushbrook,RN,1,4
294,Giffy,Roydon,RN,1,1
295,Hendrik,Burgen,MD,1,2
296,Kerri,Smyth,PA,4,4
297,Dacey,Annell,MD,3,1
298,Cchaddie,Glynne,MD,2,1
299,Junina,Bowell,MD,2,2
300,Lindsey,Baxter,RN,1,2
301,Ariel,Povey,RN,3,1
302,Lorin,Lacelett,PA,4,4
303,Horacio,Aron,PA,3,3
304,Benedetta,Challicombe,RN,2,2
305,Shepard,Fratczak,RN,4,3
306,Ted,Vautin,RN,3,2
307,Barn,Fretter,PA,1,4
308,Kassey,Olcot,PA,4,1
309,Bone,Skerman,RN,4,2
310,Abigail,Doogood,MD,3,2
311,Ambrosi,Swindall,RN,2,4
312,Reilly,Nashe,MD,1,3
313,Kipper,Dedmam,MD,3,3
314,Cortie,Southcomb,PA,1,4
315,Stafani,Cowderay,RN,2,1
316,Kikelia,Antonat,PA,3,4
317,Jeremie,Gisby,RN,3,3
318,Darbee,Stoggell,MD,4,2
319,Sherwynd,Mundow,MD,4,4
320,Tammara,Janc,MD,2,1
321,Terry,Krolle,PA,4,1
322,Katine,Lawden,PA,3,4
323,Anders,Goburn,MD,2,2
324,Dorothea,Tosney,PA,4,1
325,Henderson,Forshaw,RN,3,2
326,Ali,Snowding,RN,3,1
327,Henderson,Locke,RN,3,2
328,Carlie,Scamadin,MD,1,4
329,Florance,Callan,MD,4,4
330,Cleveland,Aasaf,RN,3,2
331,Bobbee,MacCathay,PA,1,2
332,Carine,Ainger,RN,1,4
333,Zebadiah,Buey,MD,4,3
334,Thomasin,Bambrugh,RN,4,3
335,Susanna,Lorie,MD,3,2
336,Enriqueta,Timbs,RN,4,4
337,Nicky,McIlwraith,RN,1,3
338,Caro,Porte,RN,1,2
339,Ilysa,Brayley,PA,4,2
340,Slade,Colley,MD,3,1
341,Ranna,Reckhouse,RN,3,3
342,Omar,Wigfield,RN,2,2
343,Burch,Comi,RN,1,3
344,Lorrie,Carley,MD,3,3
345,Marrilee,Earle,MD,4,4
346,Birk,Doerffer,MD,1,4
347,Kean,Stratton,PA,4,2
348,Shannen,Georgot,PA,2,3
349,Anatol,Kiehnlt,RN,2,4
350,Allianora,Garratt,MD,2,3
351,Elfreda,Fortie,PA,4,4
352,Wayne,Gooddy,MD,1,4
353,Rockey,Manilow,MD,2,3
354,Gothart,Dalglish,RN,3,4
355,Nero,Tenman,RN,3,4
356,Nat,Manus,RN,2,4
357,Crissy,Lumsdall,PA,3,3
358,Rudolf,Shepton,PA,4,4
359,Bernette,Rolls,PA,2,3
360,Erasmus,Arnley,MD,2,2
361,Torr,Butterfill,RN,2,3
362,Ninnetta,Kryska,PA,3,2
363,Louis,Knightsbridge,PA,1,1
364,Edgard,Patchett,PA,2,2
365,Gavrielle,Alenichev,RN,2,2
366,Garner,Huyghe,PA,4,2
367,Patty,Casillas,PA,4,2
368,Jocelyne,Treharne,PA,2,4
369,Germain,McGing,RN,2,4
370,Lyon,Crease,RN,1,4
371,Maximilianus,MacDaid,RN,3,4
372,Zola,Costa,RN,4,2
373,Baudoin,Babidge,MD,1,2
374,Goldy,Pettersen,PA,2,4
375,Leia,Gowen,MD,3,3
376,Carma,Minter,PA,2,2
377,Arabel,Pennino,RN,1,3
378,Jo,Peeke-Vout,MD,4,3
379,Ulric,Rozet,RN,2,3
380,Aridatha,Leport,PA,4,1
381,Belinda,Samples,MD,4,4
382,Alana,Danilowicz,RN,1,2
383,Ofilia,Matiashvili,PA,3,3
384,Gasparo,Jeyes,RN,2,3
385,Enrico,Freeburn,RN,4,2
386,Eimile,Rubinfajn,RN,2,3
387,Friederike,Swayton,MD,2,3
388,Adrian,Ashworth,PA,4,3
389,Aristotle,Pinxton,RN,1,3
390,Marion,Pruvost,RN,4,4
391,Selia,Plesing,RN,3,1
392,Aridatha,Benettelli,PA,3,1
393,Jessica,Golthorpp,RN,3,2
394,Annmarie,Geerdts,RN,1,1
395,Wilburt,Stallworth,PA,4,2
396,Chaim,Eggleston,RN,1,4
397,Kile,Naseby,RN,1,4
398,Lutero,Lindenblatt,PA,1,1
399,Ashly,Baume,RN,1,4
400,Catarina,Peagrim,MD,4,1
401,Pieter,Thomason,PA,1,4
402,Arvie,Dracksford,RN,4,3
403,Fabien,Briamo,RN,3,4
404,Seymour,O'Moylane,PA,4,1
405,Augustin,Bottini,RN,1,3
406,Edna,Harkus,RN,3,2
407,Maximo,Dix,PA,4,3
408,Mose,Monan,PA,1,3
409,Dena,Stoggell,PA,2,3
410,Brenden,Ernshaw,MD,1,4
411,Octavius,Trew,RN,1,3
412,Theo,Meak,PA,1,2
413,Lurline,Kinloch,MD,4,2
414,Guinevere,Parcall,MD,3,3
415,Audi,Wyndham,PA,4,1
416,Alvis,Karys,PA,1,4
417,Andreana,Keston,RN,2,3
418,Emlyn,Huelin,RN,4,3
419,Kathi,Samwaye,PA,1,4
420,Marina,Kofax,PA,2,4
421,Corbett,Dowdeswell,PA,3,1
422,Olenolin,Skain,RN,2,4
423,Jessalin,Josowitz,PA,2,1
424,Karla,Atton,MD,4,1
425,Rustin,Renzullo,RN,3,4
426,Dennison,Pantridge,RN,1,3
427,Maryanne,Coope,MD,4,4
428,Janot,Lissett,RN,4,4
429,Shauna,Handrick,PA,4,3
430,Dimitry,Sebert,PA,1,4
431,Kynthia,Greasty,PA,1,2
432,Hewet,Spellecy,MD,4,1
433,Prinz,Berthomier,RN,2,3
434,Law,Beechcraft,PA,2,2
435,Krystal,Shackle,MD,1,3
436,Ronnie,Vizor,MD,2,1
437,Haskel,Corzon,PA,4,4
438,Gale,Cornuau,PA,3,4
439,Holden,Voysey,PA,1,2
440,Ozzie,Wilkes,PA,2,2
441,Eward,Ravenshaw,RN,2,3
442,Cherise,Tysack,RN,1,2
443,Manolo,Omond,PA,1,2
444,Bambie,Grafham,MD,4,1
445,Eustacia,Alderton,PA,3,2
446,Willem,Brame,PA,4,4
447,Hobie,Quantrell,PA,1,1
448,Dwayne,Aleavy,RN,2,3
449,Deirdre,Fearnall,RN,1,2
450,Eva,Swetland,RN,4,3
451,Marne,Tregian,MD,3,3
452,Cymbre,Lavallie,MD,4,2
453,Chicky,Heffernon,RN,1,1
454,Gav,Kiddie,PA,4,3
455,Minta,Dorset,PA,4,3
456,Aaron,Novik,RN,3,2
457,Humfrid,Shirtliff,MD,3,2
458,Bree,Hurrion,RN,1,2
459,Sande,Licciardo,PA,4,1
460,Jaynell,Leate,PA,3,1
461,Jackelyn,Venour,PA,3,1
462,Carrie,Halburton,MD,2,2
463,Katerina,Eddies,RN,4,2
464,Brita,Maberley,PA,2,3
465,Kitti,Mackilpatrick,MD,3,3
466,Wenona,Chastelain,PA,3,1
467,Aloisia,Rennenbach,PA,3,1
468,Arin,Djokovic,MD,1,4
469,Ferdy,Vise,PA,1,3
470,Mike,Dadley,MD,2,2
471,Darin,Flight,RN,2,1
472,Aubrie,Yurenin,RN,4,4
473,Baron,Leggett,MD,1,4
474,Casey,Geake,RN,3,3
475,Oralee,Khomich,RN,4,4
476,Franny,Bolles,RN,3,1
477,Gardener,Chavrin,RN,3,4
478,Reinhard,Cram,PA,2,1
479,Valentino,Tiebe,PA,1,2
480,Korella,McJerrow,PA,4,1
481,Rudolph,Stennings,PA,1,2
482,Elijah,Grigoriev,MD,4,1
483,Ingaberg,Cohani,MD,2,3
484,Brynn,Perch,MD,2,3
485,Zea,Fraschetti,RN,1,4
486,Neda,Lates,PA,2,2
487,Catrina,Lamonby,MD,3,1
488,Josy,Goldsbrough,MD,4,1
489,Morgen,Jacobbe,RN,2,1
490,Federico,Bonelle,PA,4,1
491,Jodi,Kenaway,PA,3,4
492,Sauncho,MacCallister,MD,1,3
493,Marvin,Rehme,RN,3,3
494,Tammy,Ewins,PA,4,2
495,Maurita,Mallia,RN,3,3
496,Vanessa,Doggrell,PA,2,4
497,Ludovika,Middell,RN,1,4
498,Evangelin,Potticary,RN,3,2
499,Rochester,Dewar,PA,3,3
500,Orsa,Sebrens,RN,4,4
